decision_date,entry_date,exit_date,direction_probs,volatility_probs,scenario,strategy_type,signals,cum_pnl,return_pct,ann_return_pct,ann_vol_pct,sharpe,max_drawdown_pct,win_rate_daily,news_selected_count,news_week_start,news_week_end,rebalance_reason,intraweek_risk_exit
2024-01-14,2024-01-15,2024-01-19,"{'bull': 0.3, 'bear': 0.4, 'range': 0.3}","{'low_vol': 0.2, 'medium_vol': 0.5, 'high_vol': 0.3}",bear_medianvol,put_debit_spread,"[{'action': 'BUY', 'contract': 'HSI16400N4', 'quantity': 7, 'strategy': 'bear_medianvol', 'leg': 'buy_leg', 'price_est': 513.0}, {'action': 'SELL', 'contract': 'HSI16300N4', 'quantity': 7, 'strategy': 'bear_medianvol', 'leg': 'sell_leg', 'price_est': 450.0}, {'meta': {'date': Timestamp('2024-01-15 00:00:00'), 'scenario': 'bear_medianvol', 'strategy_type': 'put_debit_spread', 'underlying_price': 16216.330078125, 'expiry': Timestamp('2024-02-28 00:00:00'), 'buy_strike': 16400.0, 'sell_strike': 16300.0, 'quantity': 7, 'max_loss_per_spread': 63.0}}]",6300.0,0.0063,0.37234916867023604,0.026819228176813738,13.883664593753908,0.0,0.8,28,2024-01-08,2024-01-14,no_position,
2024-01-21,2024-01-22,2024-01-26,"{'bull': 0.2, 'bear': 0.5, 'range': 0.3}","{'low_vol': 0.2, 'medium_vol': 0.3, 'high_vol': 0.5}",bear_highvol,call_credit_spread,"[{'action': 'SELL', 'contract': 'HSI18400B4', 'quantity': 4, 'strategy': 'bear_highvol', 'leg': 'sell_leg', 'price_est': 1.0}, {'action': 'BUY', 'contract': 'HSI18300B4', 'quantity': 4, 'strategy': 'bear_highvol', 'leg': 'buy_leg', 'price_est': 2.0}, {'meta': {'date': Timestamp('2024-01-22 00:00:00'), 'scenario': 'bear_highvol', 'strategy_type': 'call_credit_spread', 'underlying_price': 14961.1796875, 'expiry': Timestamp('2024-02-28 00:00:00'), 'buy_strike': 18300.0, 'sell_strike': 18400.0, 'quantity': 4, 'max_loss_per_spread': 101.0}}]",6900.0,0.0069,0.4142024301059126,0.0036199447509596056,114.42230713496727,-0.00019859001092248363,0.6,35,2024-01-15,2024-01-21,scenario_reversal_p_bear_ge_0.33,
2024-01-28,2024-01-29,2024-02-02,"{'bull': 0.4, 'bear': 0.3, 'range': 0.3}","{'low_vol': 0.2, 'medium_vol': 0.3, 'high_vol': 0.5}",bull_highvol,put_credit_spread,"[{'action': 'SELL', 'contract': 'HSI16600N4', 'quantity': 2, 'strategy': 'bull_highvol', 'leg': 'sell_leg', 'price_est': 725.0}, {'action': 'BUY', 'contract': 'HSI16700N4', 'quantity': 2, 'strategy': 'bull_highvol', 'leg': 'buy_leg', 'price_est': 813.0}, {'meta': {'date': Timestamp('2024-01-29 00:00:00'), 'scenario': 'bull_highvol', 'strategy_type': 'put_credit_spread', 'underlying_price': 16077.240234375, 'expiry': Timestamp('2024-02-28 00:00:00'), 'buy_strike': 16700.0, 'sell_strike': 16600.0, 'quantity': 2, 'max_loss_per_spread': 188.0}}]",7000.0,0.007,0.4212985595885057,0.014479779003838423,29.095648454083747,-0.000794281175536149,0.4,34,2024-01-22,2024-01-28,scenario_reversal_p_bull_ge_0.33,
2024-02-04,2024-02-05,2024-02-09,"{'bull': 0.2, 'bear': 0.6, 'range': 0.2}","{'low_vol': 0.1, 'medium_vol': 0.4, 'high_vol': 0.5}",bear_highvol,call_credit_spread,"[{'action': 'SELL', 'contract': 'HSI15300B4', 'quantity': 2, 'strategy': 'bear_highvol', 'leg': 'sell_leg', 'price_est': 523.0}, {'action': 'BUY', 'contract': 'HSI15200B4', 'quantity': 2, 'strategy': 'bear_highvol', 'leg': 'buy_leg', 'price_est': 592.0}, {'meta': {'date': Timestamp('2024-02-05 00:00:00'), 'scenario': 'bear_highvol', 'strategy_type': 'call_credit_spread', 'underlying_price': 15510.009765625, 'expiry': Timestamp('2024-02-28 00:00:00'), 'buy_strike': 15200.0, 'sell_strike': 15300.0, 'quantity': 2, 'max_loss_per_spread': 169.0}}]",5200.0,0.0052,0.2987482877403338,0.02390681911087295,12.496362914481645,-0.0033710093198493496,0.2,35,2024-01-29,2024-02-04,scenario_reversal_p_bear_ge_0.33,
2024-02-11,2024-02-12,2024-02-16,"{'bull': 0.4, 'bear': 0.35, 'range': 0.25}","{'low_vol': 0.2, 'medium_vol': 0.5, 'high_vol': 0.3}",bull_medianvol,call_debit_spread,"[{'action': 'BUY', 'contract': 'HSI15800C4', 'quantity': 9, 'strategy': 'bull_medianvol', 'leg': 'buy_leg', 'price_est': 612.0}, {'action': 'SELL', 'contract': 'HSI15900C4', 'quantity': 9, 'strategy': 'bull_medianvol', 'leg': 'sell_leg', 'price_est': 561.0}, {'meta': {'date': Timestamp('2024-02-12 00:00:00'), 'scenario': 'bull_medianvol', 'strategy_type': 'call_debit_spread', 'underlying_price': 15879.3798828125, 'expiry': Timestamp('2024-03-27 00:00:00'), 'buy_strike': 15800.0, 'sell_strike': 15900.0, 'quantity': 9, 'max_loss_per_spread': 51.0}}]",11050.0,0.01105,0.7399658696665992,0.059036844427865554,12.533967166397757,0.0,0.8,35,2024-02-05,2024-02-11,scenario_reversal_p_bull_ge_0.33,
2024-02-18,2024-02-19,2024-02-23,"{'bull': 0.25, 'bear': 0.35, 'range': 0.4}","{'low_vol': 0.2, 'medium_vol': 0.4, 'high_vol': 0.4}",range_highvol,iron_condor,"[{'action': 'SELL', 'contract': 'HSI15900O4', 'quantity': 1, 'strategy': 'range_highvol', 'leg': 'put_sell', 'price_est': 407.0}, {'action': 'BUY', 'contract': 'HSI16000O4', 'quantity': 1, 'strategy': 'range_highvol', 'leg': 'put_buy', 'price_est': 453.0}, {'action': 'SELL', 'contract': 'HSI15900C4', 'quantity': 1, 'strategy': 'range_highvol', 'leg': 'call_sell', 'price_est': 650.0}, {'action': 'BUY', 'contract': 'HSI15800C4', 'quantity': 1, 'strategy': 'range_highvol', 'leg': 'call_buy', 'price_est': 708.0}, {'meta': {'date': Timestamp('2024-02-19 00:00:00'), 'scenario': 'range_highvol', 'strategy_type': 'iron_condor', 'underlying_price': 16155.6103515625, 'expiry': Timestamp('2024-03-27 00:00:00'), 'put_sell_strike': 15900.0, 'put_buy_strike': 16000.0, 'call_sell_strike': 15900.0, 'call_buy_strike': 15800.0, 'quantity': 1, 'put_max_loss': 146.0, 'call_max_loss': 158.0}}]",11300.0,0.0113,0.7617827967698252,0.010149137894422363,75.05886753085464,-0.0005435588278894787,0.4,32,2024-02-12,2024-02-18,scenario_reversal_p_range_ge_0.33,
2024-02-25,2024-02-26,2024-03-01,"{'bull': 0.4, 'bear': 0.3, 'range': 0.3}","{'low_vol': 0.2, 'medium_vol': 0.5, 'high_vol': 0.3}",bull_medianvol,call_debit_spread,"[{'action': 'BUY', 'contract': 'HSI16100C4', 'quantity': 7, 'strategy': 'bull_medianvol', 'leg': 'buy_leg', 'price_est': 773.0}, {'action': 'SELL', 'contract': 'HSI16200C4', 'quantity': 7, 'strategy': 'bull_medianvol', 'leg': 'sell_leg', 'price_est': 708.0}, {'meta': {'date': Timestamp('2024-02-26 00:00:00'), 'scenario': 'bull_medianvol', 'strategy_type': 'call_debit_spread', 'underlying_price': 16634.740234375, 'expiry': Timestamp('2024-03-27 00:00:00'), 'buy_strike': 16100.0, 'sell_strike': 16200.0, 'quantity': 7, 'max_loss_per_spread': 65.0}}]",10950.0,0.01095,0.7313134406330584,0.03319727398447048,22.029322075516298,-0.003797780517879157,0.4,35,2024-02-19,2024-02-25,scenario_reversal_p_bull_ge_0.33,
2024-03-03,2024-03-04,2024-03-08,"{'bull': 0.4, 'bear': 0.3, 'range': 0.3}","{'low_vol': 0.2, 'medium_vol': 0.5, 'high_vol': 0.3}",bull_medianvol,call_debit_spread,"[{'action': 'BUY', 'contract': 'HSI16100C4', 'quantity': 7, 'strategy': 'bull_medianvol', 'leg': 'buy_leg', 'price_est': 773.0}, {'action': 'SELL', 'contract': 'HSI16200C4', 'quantity': 7, 'strategy': 'bull_medianvol', 'leg': 'sell_leg', 'price_est': 708.0}, {'meta': {'date': Timestamp('2024-02-26 00:00:00'), 'scenario': 'bull_medianvol', 'strategy_type': 'call_debit_spread', 'underlying_price': 16634.740234375, 'expiry': Timestamp('2024-03-27 00:00:00'), 'buy_strike': 16100.0, 'sell_strike': 16200.0, 'quantity': 7, 'max_loss_per_spread': 65.0}}]",8500.0,0.0085,0.5320237165438473,0.061444291842285885,8.6586353360445,-0.00588351626619199,0.6,35,2024-02-26,2024-03-03,,
2024-03-10,2024-03-11,2024-03-15,"{'bull': 0.35, 'bear': 0.35, 'range': 0.3}","{'low_vol': 0.2, 'medium_vol': 0.55, 'high_vol': 0.25}",bear_medianvol,put_debit_spread,"[{'action': 'BUY', 'contract': 'HSI16700P4', 'quantity': 9, 'strategy': 'bear_medianvol', 'leg': 'buy_leg', 'price_est': 547.0}, {'action': 'SELL', 'contract': 'HSI16600P4', 'quantity': 9, 'strategy': 'bear_medianvol', 'leg': 'sell_leg', 'price_est': 496.0}, {'meta': {'date': Timestamp('2024-03-11 00:00:00'), 'scenario': 'bear_medianvol', 'strategy_type': 'put_debit_spread', 'underlying_price': 16587.5703125, 'expiry': Timestamp('2024-04-29 00:00:00'), 'buy_strike': 16700.0, 'sell_strike': 16600.0, 'quantity': 9, 'max_loss_per_spread': 51.0}}]",6700.0,0.0067,0.4001141927758374,0.07168487288124323,5.581570793027515,-0.008031730292513584,0.4,35,2024-03-04,2024-03-10,scenario_reversal_p_bear_ge_0.33,
2024-03-17,2024-03-18,2024-03-22,"{'bull': 0.4, 'bear': 0.3, 'range': 0.3}","{'low_vol': 0.2, 'medium_vol': 0.5, 'high_vol': 0.3}",bull_medianvol,call_debit_spread,"[{'action': 'BUY', 'contract': 'HSI16600D4', 'quantity': 9, 'strategy': 'bull_medianvol', 'leg': 'buy_leg', 'price_est': 606.0}, {'action': 'SELL', 'contract': 'HSI16700D4', 'quantity': 9, 'strategy': 'bull_medianvol', 'leg': 'sell_leg', 'price_est': 552.0}, {'meta': {'date': Timestamp('2024-03-18 00:00:00'), 'scenario': 'bull_medianvol', 'strategy_type': 'call_debit_spread', 'underlying_price': 16737.119140625, 'expiry': Timestamp('2024-04-29 00:00:00'), 'buy_strike': 16600.0, 'sell_strike': 16700.0, 'quantity': 9, 'max_loss_per_spread': 54.0}}]",-50.0,-5e-05,-0.002516890309020914,0.0747514882794985,-0.03367010298992537,-0.007592298531163166,0.2,33,2024-03-11,2024-03-17,scenario_reversal_p_bull_ge_0.33,
2024-03-24,2024-03-25,2024-03-29,"{'bull': 0.55, 'bear': 0.2, 'range': 0.25}","{'low_vol': 0.25, 'medium_vol': 0.6, 'high_vol': 0.15}",bull_medianvol,call_debit_spread,"[{'action': 'BUY', 'contract': 'HSI16600D4', 'quantity': 9, 'strategy': 'bull_medianvol', 'leg': 'buy_leg', 'price_est': 606.0}, {'action': 'SELL', 'contract': 'HSI16700D4', 'quantity': 9, 'strategy': 'bull_medianvol', 'leg': 'sell_leg', 'price_est': 552.0}, {'meta': {'date': Timestamp('2024-03-18 00:00:00'), 'scenario': 'bull_medianvol', 'strategy_type': 'call_debit_spread', 'underlying_price': 16737.119140625, 'expiry': Timestamp('2024-04-29 00:00:00'), 'buy_strike': 16600.0, 'sell_strike': 16700.0, 'quantity': 9, 'max_loss_per_spread': 54.0}}]",1750.0,0.00175,0.09212235190955576,0.07361647913341143,1.251382204011782,-0.006708074534161446,0.6,35,2024-03-18,2024-03-24,,
2024-03-31,2024-04-01,2024-04-05,"{'bull': 0.2, 'bear': 0.5, 'range': 0.3}","{'low_vol': 0.2, 'medium_vol': 0.5, 'high_vol': 0.3}",bear_medianvol,put_debit_spread,"[{'action': 'BUY', 'contract': 'HSI16900P4', 'quantity': 9, 'strategy': 'bear_medianvol', 'leg': 'buy_leg', 'price_est': 352.0}, {'action': 'SELL', 'contract': 'HSI16800P4', 'quantity': 9, 'strategy': 'bear_medianvol', 'leg': 'sell_leg', 'price_est': 300.0}, {'meta': {'date': Timestamp('2024-04-01 00:00:00'), 'scenario': 'bear_medianvol', 'strategy_type': 'put_debit_spread', 'underlying_price': 16931.51953125, 'expiry': Timestamp('2024-04-29 00:00:00'), 'buy_strike': 16900.0, 'sell_strike': 16800.0, 'quantity': 9, 'max_loss_per_spread': 52.0}}]",3100.0,0.0031,0.16882424802869633,0.06825715347126629,2.473356116436426,-0.005805875347360101,0.6,35,2024-03-25,2024-03-31,scenario_reversal_p_bear_ge_0.33,
2024-04-14,2024-04-15,2024-04-19,"{'bull': 0.35, 'bear': 0.35, 'range': 0.3}","{'low_vol': 0.2, 'medium_vol': 0.5, 'high_vol': 0.3}",bear_medianvol,put_debit_spread,"[{'action': 'BUY', 'contract': 'HSI16900P4', 'quantity': 9, 'strategy': 'bear_medianvol', 'leg': 'buy_leg', 'price_est': 352.0}, {'action': 'SELL', 'contract': 'HSI16800P4', 'quantity': 9, 'strategy': 'bear_medianvol', 'leg': 'sell_leg', 'price_est': 300.0}, {'meta': {'date': Timestamp('2024-04-01 00:00:00'), 'scenario': 'bear_medianvol', 'strategy_type': 'put_debit_spread', 'underlying_price': 16931.51953125, 'expiry': Timestamp('2024-04-29 00:00:00'), 'buy_strike': 16900.0, 'sell_strike': 16800.0, 'quantity': 9, 'max_loss_per_spread': 52.0}}]",17500.0,0.0175,1.3973677678296927,0.04244241981791331,32.923847740649265,0.0,0.8,35,2024-04-08,2024-04-14,,
2024-04-21,2024-04-22,2024-04-26,"{'bull': 0.2, 'bear': 0.3, 'range': 0.5}","{'low_vol': 0.1, 'medium_vol': 0.4, 'high_vol': 0.5}",range_highvol,iron_condor,"[{'action': 'SELL', 'contract': 'HSI17400Q4', 'quantity': 1, 'strategy': 'range_highvol', 'leg': 'put_sell', 'price_est': 1092.0}, {'action': 'BUY', 'contract': 'HSI17500Q4', 'quantity': 1, 'strategy': 'range_highvol', 'leg': 'put_buy', 'price_est': 1183.0}, {'action': 'SELL', 'contract': 'HSI19900E4', 'quantity': 1, 'strategy': 'range_highvol', 'leg': 'call_sell', 'price_est': 1.0}, {'action': 'BUY', 'contract': 'HSI19800E4', 'quantity': 1, 'strategy': 'range_highvol', 'leg': 'call_buy', 'price_est': 2.0}, {'meta': {'date': Timestamp('2024-04-22 00:00:00'), 'scenario': 'range_highvol', 'strategy_type': 'iron_condor', 'underlying_price': 16511.689453125, 'expiry': Timestamp('2024-05-30 00:00:00'), 'put_sell_strike': 17400.0, 'put_buy_strike': 17500.0, 'call_sell_strike': 19900.0, 'call_buy_strike': 19800.0, 'quantity': 1, 'put_max_loss': 191.0, 'call_max_loss': 101.0}}]",15350.0,0.01535,1.1549389297384698,0.006214418717788495,185.8482638822693,-0.0021130221130221116,0.0,35,2024-04-15,2024-04-21,scenario_reversal_p_range_ge_0.33,
2024-04-28,2024-04-29,2024-05-03,"{'bull': 0.4, 'bear': 0.3, 'range': 0.3}","{'low_vol': 0.2, 'medium_vol': 0.6, 'high_vol': 0.2}",bull_medianvol,call_debit_spread,"[{'action': 'BUY', 'contract': 'HSI17400E4', 'quantity': 7, 'strategy': 'bull_medianvol', 'leg': 'buy_leg', 'price_est': 620.0}, {'action': 'SELL', 'contract': 'HSI17500E4', 'quantity': 7, 'strategy': 'bull_medianvol', 'leg': 'sell_leg', 'price_est': 555.0}, {'meta': {'date': Timestamp('2024-04-29 00:00:00'), 'scenario': 'bull_medianvol', 'strategy_type': 'call_debit_spread', 'underlying_price': 17746.91015625, 'expiry': Timestamp('2024-05-30 00:00:00'), 'buy_strike': 17400.0, 'sell_strike': 17500.0, 'quantity': 7, 'max_loss_per_spread': 65.0}}]",23050.0,0.02305,2.15356458135228,0.049477176556468945,43.52642432808163,-0.0020682523267838704,0.6,30,2024-04-22,2024-04-28,scenario_reversal_p_bull_ge_0.33,
2024-05-05,2024-05-06,2024-05-10,"{'bull': 0.4, 'bear': 0.3, 'range': 0.3}","{'low_vol': 0.2, 'medium_vol': 0.5, 'high_vol': 0.3}",bull_medianvol,call_debit_spread,"[{'action': 'BUY', 'contract': 'HSI17400E4', 'quantity': 7, 'strategy': 'bull_medianvol', 'leg': 'buy_leg', 'price_est': 620.0}, {'action': 'SELL', 'contract': 'HSI17500E4', 'quantity': 7, 'strategy': 'bull_medianvol', 'leg': 'sell_leg', 'price_est': 555.0}, {'meta': {'date': Timestamp('2024-04-29 00:00:00'), 'scenario': 'bull_medianvol', 'strategy_type': 'call_debit_spread', 'underlying_price': 17746.91015625, 'expiry': Timestamp('2024-05-30 00:00:00'), 'buy_strike': 17400.0, 'sell_strike': 17500.0, 'quantity': 7, 'max_loss_per_spread': 65.0}}]",24100.0,0.0241,2.320895834509472,0.03940508850389756,58.898378930932026,-0.0010277492291880241,0.6,33,2024-04-29,2024-05-05,,
2024-05-12,2024-05-13,2024-05-17,"{'bull': 0.4, 'bear': 0.3, 'range': 0.3}","{'low_vol': 0.2, 'medium_vol': 0.6, 'high_vol': 0.2}",bull_medianvol,call_debit_spread,"[{'action': 'BUY', 'contract': 'HSI17400E4', 'quantity': 7, 'strategy': 'bull_medianvol', 'leg': 'buy_leg', 'price_est': 620.0}, {'action': 'SELL', 'contract': 'HSI17500E4', 'quantity': 7, 'strategy': 'bull_medianvol', 'leg': 'sell_leg', 'price_est': 555.0}, {'meta': {'date': Timestamp('2024-04-29 00:00:00'), 'scenario': 'bull_medianvol', 'strategy_type': 'call_debit_spread', 'underlying_price': 17746.91015625, 'expiry': Timestamp('2024-05-30 00:00:00'), 'buy_strike': 17400.0, 'sell_strike': 17500.0, 'quantity': 7, 'max_loss_per_spread': 65.0}}]",20250.0,0.02025,1.7467100315392843,0.05203171148443995,33.570105262857574,-0.006475800954328537,0.4,30,2024-05-06,2024-05-12,,DELTA_BREACH(-349)
2024-05-19,2024-05-20,2024-05-24,"{'bull': 0.5, 'bear': 0.3, 'range': 0.2}","{'low_vol': 0.2, 'medium_vol': 0.5, 'high_vol': 0.3}",bull_medianvol,call_debit_spread,"[{'action': 'BUY', 'contract': 'HSI18000F4', 'quantity': 4, 'strategy': 'bull_medianvol', 'leg': 'buy_leg', 'price_est': 1641.0}, {'action': 'SELL', 'contract': 'HSI18100F4', 'quantity': 4, 'strategy': 'bull_medianvol', 'leg': 'sell_leg', 'price_est': 1521.0}, {'meta': {'date': Timestamp('2024-05-20 00:00:00'), 'scenario': 'bull_medianvol', 'strategy_type': 'call_debit_spread', 'underlying_price': 19636.220703125, 'expiry': Timestamp('2024-06-27 00:00:00'), 'buy_strike': 18000.0, 'sell_strike': 18100.0, 'quantity': 4, 'max_loss_per_spread': 120.0}}]",9850.0,0.00985,0.6388765401572492,0.05263063746526352,12.138871405061563,-0.010193580004900782,0.0,34,2024-05-13,2024-05-19,dte_le_10,STOP_LOSS
2024-05-26,2024-05-27,2024-05-31,"{'bull': 0.3, 'bear': 0.4, 'range': 0.3}","{'low_vol': 0.2, 'medium_vol': 0.5, 'high_vol': 0.3}",bear_medianvol,put_debit_spread,"[{'action': 'BUY', 'contract': 'HSI18800R4', 'quantity': 9, 'strategy': 'bear_medianvol', 'leg': 'buy_leg', 'price_est': 470.0}, {'action': 'SELL', 'contract': 'HSI18700R4', 'quantity': 9, 'strategy': 'bear_medianvol', 'leg': 'sell_leg', 'price_est': 416.0}, {'meta': {'date': Timestamp('2024-05-27 00:00:00'), 'scenario': 'bear_medianvol', 'strategy_type': 'put_debit_spread', 'underlying_price': 18827.349609375, 'expiry': Timestamp('2024-06-27 00:00:00'), 'buy_strike': 18800.0, 'sell_strike': 18700.0, 'quantity': 9, 'max_loss_per_spread': 54.0}}]",24250.0,0.02425,2.3454998928750115,0.10554548308667691,22.222645861110145,-0.0035474970437524567,0.4,35,2024-05-20,2024-05-26,scenario_reversal_p_bear_ge_0.33,
2024-06-02,2024-06-03,2024-06-07,"{'bull': 0.3, 'bear': 0.3, 'range': 0.4}","{'low_vol': 0.2, 'medium_vol': 0.5, 'high_vol': 0.3}",range_medianvol,iron_condor,"[{'action': 'SELL', 'contract': 'HSI18700R4', 'quantity': 1, 'strategy': 'range_medianvol', 'leg': 'put_sell', 'price_est': 598.0}, {'action': 'BUY', 'contract': 'HSI18800R4', 'quantity': 1, 'strategy': 'range_medianvol', 'leg': 'put_buy', 'price_est': 687.0}, {'action': 'SELL', 'contract': 'HSI17800F4', 'quantity': 1, 'strategy': 'range_medianvol', 'leg': 'call_sell', 'price_est': 711.0}, {'action': 'BUY', 'contract': 'HSI17700F4', 'quantity': 1, 'strategy': 'range_medianvol', 'leg': 'call_buy', 'price_est': 808.0}, {'meta': {'date': Timestamp('2024-06-03 00:00:00'), 'scenario': 'range_medianvol', 'strategy_type': 'iron_condor', 'underlying_price': 18403.0390625, 'expiry': Timestamp('2024-06-27 00:00:00'), 'put_sell_strike': 18700.0, 'put_buy_strike': 18800.0, 'call_sell_strike': 17800.0, 'call_buy_strike': 17700.0, 'quantity': 1, 'put_max_loss': 189.0, 'call_max_loss': 197.0}}]",22600.0,0.0226,2.0844073892347574,0.02051131395108563,101.622323865041,-0.0023431779350744364,0.4,35,2024-05-27,2024-06-02,scenario_reversal_p_range_ge_0.33,
2024-06-09,2024-06-10,2024-06-14,"{'bull': 0.25, 'bear': 0.35, 'range': 0.4}","{'low_vol': 0.15, 'medium_vol': 0.6, 'high_vol': 0.25}",range_medianvol,iron_condor,"[{'action': 'SELL', 'contract': 'HSI18700R4', 'quantity': 1, 'strategy': 'range_medianvol', 'leg': 'put_sell', 'price_est': 598.0}, {'action': 'BUY', 'contract': 'HSI18800R4', 'quantity': 1, 'strategy': 'range_medianvol', 'leg': 'put_buy', 'price_est': 687.0}, {'action': 'SELL', 'contract': 'HSI17800F4', 'quantity': 1, 'strategy': 'range_medianvol', 'leg': 'call_sell', 'price_est': 711.0}, {'action': 'BUY', 'contract': 'HSI17700F4', 'quantity': 1, 'strategy': 'range_medianvol', 'leg': 'call_buy', 'price_est': 808.0}, {'meta': {'date': Timestamp('2024-06-03 00:00:00'), 'scenario': 'range_medianvol', 'strategy_type': 'iron_condor', 'underlying_price': 18403.0390625, 'expiry': Timestamp('2024-06-27 00:00:00'), 'put_sell_strike': 18700.0, 'put_buy_strike': 18800.0, 'call_sell_strike': 17800.0, 'call_buy_strike': 17700.0, 'quantity': 1, 'put_max_loss': 189.0, 'call_max_loss': 197.0}}]",22550.0,0.02255,2.0768156359800445,0.0031449960254346905,660.3555677603739,-0.0002444270629644585,0.4,21,2024-06-03,2024-06-09,,
2024-06-16,2024-06-17,2024-06-21,"{'bull': 0.3, 'bear': 0.4, 'range': 0.3}","{'low_vol': 0.2, 'medium_vol': 0.5, 'high_vol': 0.3}",bear_medianvol,put_debit_spread,"[{'action': 'BUY', 'contract': 'HSI18200S4', 'quantity': 6, 'strategy': 'bear_medianvol', 'leg': 'buy_leg', 'price_est': 698.0}, {'action': 'SELL', 'contract': 'HSI18100S4', 'quantity': 6, 'strategy': 'bear_medianvol', 'leg': 'sell_leg', 'price_est': 617.0}, {'meta': {'date': Timestamp('2024-06-17 00:00:00'), 'scenario': 'bear_medianvol', 'strategy_type': 'put_debit_spread', 'underlying_price': 17936.119140625, 'expiry': Timestamp('2024-07-30 00:00:00'), 'buy_strike': 18200.0, 'sell_strike': 18100.0, 'quantity': 6, 'max_loss_per_spread': 81.0}}]",11750.0,0.01175,0.8017309479980672,0.048846043852086934,16.413426447100353,-0.010561830717324305,0.0,34,2024-06-10,2024-06-16,scenario_reversal_p_bear_ge_0.33,STOP_LOSS
2024-06-23,2024-06-24,2024-06-28,"{'bull': 0.3, 'bear': 0.4, 'range': 0.3}","{'low_vol': 0.2, 'medium_vol': 0.5, 'high_vol': 0.3}",bear_medianvol,put_debit_spread,"[{'action': 'BUY', 'contract': 'HSI18200S4', 'quantity': 6, 'strategy': 'bear_medianvol', 'leg': 'buy_leg', 'price_est': 698.0}, {'action': 'SELL', 'contract': 'HSI18100S4', 'quantity': 6, 'strategy': 'bear_medianvol', 'leg': 'sell_leg', 'price_est': 617.0}, {'meta': {'date': Timestamp('2024-06-17 00:00:00'), 'scenario': 'bear_medianvol', 'strategy_type': 'put_debit_spread', 'underlying_price': 17936.119140625, 'expiry': Timestamp('2024-07-30 00:00:00'), 'buy_strike': 18200.0, 'sell_strike': 18100.0, 'quantity': 6, 'max_loss_per_spread': 81.0}}]",25550.0,0.02555,2.566355920487185,0.08278826003727824,30.99903198027831,-0.0017712177121771422,0.6,34,2024-06-17,2024-06-23,,
2024-06-30,2024-07-01,2024-07-05,"{'bull': 0.4, 'bear': 0.3, 'range': 0.3}","{'low_vol': 0.25, 'medium_vol': 0.55, 'high_vol': 0.2}",bull_medianvol,call_debit_spread,"[{'action': 'BUY', 'contract': 'HSI17000G4', 'quantity': 5, 'strategy': 'bull_medianvol', 'leg': 'buy_leg', 'price_est': 799.0}, {'action': 'SELL', 'contract': 'HSI17100G4', 'quantity': 5, 'strategy': 'bull_medianvol', 'leg': 'sell_leg', 'price_est': 713.0}, {'meta': {'date': Timestamp('2024-07-01 00:00:00'), 'scenario': 'bull_medianvol', 'strategy_type': 'call_debit_spread', 'underlying_price': 17769.140625, 'expiry': Timestamp('2024-07-30 00:00:00'), 'buy_strike': 17000.0, 'sell_strike': 17100.0, 'quantity': 5, 'max_loss_per_spread': 86.0}}]",23800.0,0.0238,2.2722186140182457,0.034892334401699185,65.12085399214772,-0.0017064014431280583,0.4,30,2024-06-24,2024-06-30,scenario_reversal_p_bull_ge_0.33,
2024-07-07,2024-07-08,2024-07-12,"{'bull': 0.2, 'bear': 0.5, 'range': 0.3}","{'low_vol': 0.2, 'medium_vol': 0.5, 'high_vol': 0.3}",bear_medianvol,put_debit_spread,"[{'action': 'BUY', 'contract': 'HSI17600S4', 'quantity': 10, 'strategy': 'bear_medianvol', 'leg': 'buy_leg', 'price_est': 338.0}, {'action': 'SELL', 'contract': 'HSI17500S4', 'quantity': 10, 'strategy': 'bear_medianvol', 'leg': 'sell_leg', 'price_est': 288.0}, {'meta': {'date': Timestamp('2024-07-08 00:00:00'), 'scenario': 'bear_medianvol', 'strategy_type': 'put_debit_spread', 'underlying_price': 17524.060546875, 'expiry': Timestamp('2024-07-30 00:00:00'), 'buy_strike': 17600.0, 'sell_strike': 17500.0, 'quantity': 10, 'max_loss_per_spread': 50.0}}]",6800.0,0.0068,0.4071410300170393,0.09481613786692643,4.294005632126231,-0.019477989871445223,0.2,35,2024-07-01,2024-07-07,scenario_reversal_p_bear_ge_0.33,STOP_LOSS
2024-07-14,2024-07-15,2024-07-19,"{'bull': 0.4, 'bear': 0.2, 'range': 0.4}","{'low_vol': 0.1, 'medium_vol': 0.4, 'high_vol': 0.5}",bull_highvol,put_credit_spread,"[{'action': 'SELL', 'contract': 'HSI17800T4', 'quantity': 3, 'strategy': 'bull_highvol', 'leg': 'sell_leg', 'price_est': 377.0}, {'action': 'BUY', 'contract': 'HSI17900T4', 'quantity': 3, 'strategy': 'bull_highvol', 'leg': 'buy_leg', 'price_est': 422.0}, {'meta': {'date': Timestamp('2024-07-15 00:00:00'), 'scenario': 'bull_highvol', 'strategy_type': 'put_credit_spread', 'underlying_price': 18015.939453125, 'expiry': Timestamp('2024-08-29 00:00:00'), 'buy_strike': 17900.0, 'sell_strike': 17800.0, 'quantity': 3, 'max_loss_per_spread': 145.0}}]",9650.0,0.00965,0.622597567096453,0.022299304921902834,27.920043664003398,-0.001636417732817641,0.6,35,2024-07-08,2024-07-14,scenario_reversal_p_bull_ge_0.33,
2024-07-21,2024-07-22,2024-07-26,"{'bull': 0.35, 'bear': 0.35, 'range': 0.3}","{'low_vol': 0.25, 'medium_vol': 0.45, 'high_vol': 0.3}",bear_medianvol,put_debit_spread,"[{'action': 'BUY', 'contract': 'HSI17800T4', 'quantity': 9, 'strategy': 'bear_medianvol', 'leg': 'buy_leg', 'price_est': 516.0}, {'action': 'SELL', 'contract': 'HSI17700T4', 'quantity': 9, 'strategy': 'bear_medianvol', 'leg': 'sell_leg', 'price_est': 461.0}, {'meta': {'date': Timestamp('2024-07-22 00:00:00'), 'scenario': 'bear_medianvol', 'strategy_type': 'put_debit_spread', 'underlying_price': 17635.880859375, 'expiry': Timestamp('2024-08-29 00:00:00'), 'buy_strike': 17800.0, 'sell_strike': 17700.0, 'quantity': 9, 'max_loss_per_spread': 55.0}}]",20000.0,0.02,1.7129928975127475,0.06597620025433415,25.963800444846267,-0.00307872745931681,0.6,28,2024-07-15,2024-07-21,scenario_reversal_p_bear_ge_0.33,
2024-07-28,2024-07-29,2024-08-02,"{'bull': 0.3, 'bear': 0.4, 'range': 0.3}","{'low_vol': 0.1, 'medium_vol': 0.5, 'high_vol': 0.4}",bear_medianvol,put_debit_spread,"[{'action': 'BUY', 'contract': 'HSI17800T4', 'quantity': 9, 'strategy': 'bear_medianvol', 'leg': 'buy_leg', 'price_est': 516.0}, {'action': 'SELL', 'contract': 'HSI17700T4', 'quantity': 9, 'strategy': 'bear_medianvol', 'leg': 'sell_leg', 'price_est': 461.0}, {'meta': {'date': Timestamp('2024-07-22 00:00:00'), 'scenario': 'bear_medianvol', 'strategy_type': 'put_debit_spread', 'underlying_price': 17635.880859375, 'expiry': Timestamp('2024-08-29 00:00:00'), 'buy_strike': 17800.0, 'sell_strike': 17700.0, 'quantity': 9, 'max_loss_per_spread': 55.0}}]",19100.0,0.0191,1.5949368902342722,0.22700240967884022,7.02607911735724,-0.02130743586026962,0.6,35,2024-07-22,2024-07-28,,
2024-08-04,2024-08-05,2024-08-09,"{'bull': 0.15, 'bear': 0.6, 'range': 0.25}","{'low_vol': 0.1, 'medium_vol': 0.2, 'high_vol': 0.7}",bear_highvol,call_credit_spread,"[{'action': 'SELL', 'contract': 'HSI19000H4', 'quantity': 4, 'strategy': 'bear_highvol', 'leg': 'sell_leg', 'price_est': 1.0}, {'action': 'BUY', 'contract': 'HSI18900H4', 'quantity': 4, 'strategy': 'bear_highvol', 'leg': 'buy_leg', 'price_est': 2.0}, {'meta': {'date': Timestamp('2024-08-05 00:00:00'), 'scenario': 'bear_highvol', 'strategy_type': 'call_credit_spread', 'underlying_price': 16698.359375, 'expiry': Timestamp('2024-08-29 00:00:00'), 'buy_strike': 18900.0, 'sell_strike': 19000.0, 'quantity': 4, 'max_loss_per_spread': 101.0}}]",19300.0,0.0193,1.6207284316775339,0.0026563132345414388,610.1420610349522,-0.00019621308741291088,0.4,35,2024-07-29,2024-08-04,scenario_reversal_p_bear_ge_0.33,
2024-08-11,2024-08-12,2024-08-16,"{'bull': 0.3, 'bear': 0.4, 'range': 0.3}","{'low_vol': 0.2, 'medium_vol': 0.3, 'high_vol': 0.5}",bear_highvol,call_credit_spread,"[{'action': 'SELL', 'contract': 'HSI19000H4', 'quantity': 4, 'strategy': 'bear_highvol', 'leg': 'sell_leg', 'price_est': 1.0}, {'action': 'BUY', 'contract': 'HSI18900H4', 'quantity': 4, 'strategy': 'bear_highvol', 'leg': 'buy_leg', 'price_est': 2.0}, {'meta': {'date': Timestamp('2024-08-05 00:00:00'), 'scenario': 'bear_highvol', 'strategy_type': 'call_credit_spread', 'underlying_price': 16698.359375, 'expiry': Timestamp('2024-08-29 00:00:00'), 'buy_strike': 18900.0, 'sell_strike': 19000.0, 'quantity': 4, 'max_loss_per_spread': 101.0}}]",19100.0,0.0191,1.5949368902342722,0.0026563132345414388,600.4325354007459,-0.0001962515945441723,0.2,27,2024-08-05,2024-08-11,,
2024-08-18,2024-08-19,2024-08-23,"{'bull': 0.4, 'bear': 0.3, 'range': 0.3}","{'low_vol': 0.2, 'medium_vol': 0.6, 'high_vol': 0.2}",bull_medianvol,call_debit_spread,"[{'action': 'BUY', 'contract': 'HSI17100I4', 'quantity': 6, 'strategy': 'bull_medianvol', 'leg': 'buy_leg', 'price_est': 675.0}, {'action': 'SELL', 'contract': 'HSI17200I4', 'quantity': 6, 'strategy': 'bull_medianvol', 'leg': 'sell_leg', 'price_est': 602.0}, {'meta': {'date': Timestamp('2024-08-19 00:00:00'), 'scenario': 'bull_medianvol', 'strategy_type': 'call_debit_spread', 'underlying_price': 17569.5703125, 'expiry': Timestamp('2024-09-27 00:00:00'), 'buy_strike': 17100.0, 'sell_strike': 17200.0, 'quantity': 6, 'max_loss_per_spread': 73.0}}]",17600.0,0.0176,1.409271562590698,0.05871422314908033,24.002217640050173,-0.004415660877244654,0.2,35,2024-08-12,2024-08-18,scenario_reversal_p_bull_ge_0.33,
2024-08-25,2024-08-26,2024-08-30,"{'bull': 0.4, 'bear': 0.3, 'range': 0.3}","{'low_vol': 0.2, 'medium_vol': 0.5, 'high_vol': 0.3}",bull_medianvol,call_debit_spread,"[{'action': 'BUY', 'contract': 'HSI17100I4', 'quantity': 6, 'strategy': 'bull_medianvol', 'leg': 'buy_leg', 'price_est': 675.0}, {'action': 'SELL', 'contract': 'HSI17200I4', 'quantity': 6, 'strategy': 'bull_medianvol', 'leg': 'sell_leg', 'price_est': 602.0}, {'meta': {'date': Timestamp('2024-08-19 00:00:00'), 'scenario': 'bull_medianvol', 'strategy_type': 'call_debit_spread', 'underlying_price': 17569.5703125, 'expiry': Timestamp('2024-09-27 00:00:00'), 'buy_strike': 17100.0, 'sell_strike': 17200.0, 'quantity': 6, 'max_loss_per_spread': 73.0}}]",26600.0,0.0266,2.755117234600322,0.04286117123924637,64.28002676878705,-0.00264162019371883,0.8,35,2024-08-19,2024-08-25,,
2024-09-01,2024-09-02,2024-09-06,"{'bull': 0.1, 'bear': 0.6, 'range': 0.3}","{'low_vol': 0.1, 'medium_vol': 0.4, 'high_vol': 0.5}",bear_highvol,call_credit_spread,"[{'action': 'SELL', 'contract': 'HSI17100I4', 'quantity': 2, 'strategy': 'bear_highvol', 'leg': 'sell_leg', 'price_est': 664.0}, {'action': 'BUY', 'contract': 'HSI17000I4', 'quantity': 2, 'strategy': 'bear_highvol', 'leg': 'buy_leg', 'price_est': 761.0}, {'meta': {'date': Timestamp('2024-09-02 00:00:00'), 'scenario': 'bear_highvol', 'strategy_type': 'call_credit_spread', 'underlying_price': 17691.970703125, 'expiry': Timestamp('2024-09-27 00:00:00'), 'buy_strike': 17000.0, 'sell_strike': 17100.0, 'quantity': 2, 'max_loss_per_spread': 197.0}}]",24100.0,0.0241,2.320895834509472,0.020360255401148584,113.99148924126675,-0.003604130138320616,0.4,35,2024-08-26,2024-09-01,scenario_reversal_p_bear_ge_0.33,
2024-09-08,2024-09-09,2024-09-13,"{'bull': 0.35, 'bear': 0.35, 'range': 0.3}","{'low_vol': 0.2, 'medium_vol': 0.5, 'high_vol': 0.3}",bear_medianvol,put_debit_spread,"[{'action': 'BUY', 'contract': 'HSI17800V4', 'quantity': 5, 'strategy': 'bear_medianvol', 'leg': 'buy_leg', 'price_est': 834.0}, {'action': 'SELL', 'contract': 'HSI17700V4', 'quantity': 5, 'strategy': 'bear_medianvol', 'leg': 'sell_leg', 'price_est': 745.0}, {'meta': {'date': Timestamp('2024-09-09 00:00:00'), 'scenario': 'bear_medianvol', 'strategy_type': 'put_debit_spread', 'underlying_price': 17196.9609375, 'expiry': Timestamp('2024-10-30 00:00:00'), 'buy_strike': 17800.0, 'sell_strike': 17700.0, 'quantity': 5, 'max_loss_per_spread': 89.0}}]",18600.0,0.0186,1.5315415553638645,0.04881572492547868,31.373938576184045,-0.008055853920515554,0.4,35,2024-09-02,2024-09-08,scenario_reversal_p_bear_ge_0.33,
2024-09-15,2024-09-16,2024-09-20,"{'bull': 0.3, 'bear': 0.25, 'range': 0.45}","{'low_vol': 0.2, 'medium_vol': 0.5, 'high_vol': 0.3}",range_medianvol,iron_condor,"[{'action': 'SELL', 'contract': 'HSI17400V4', 'quantity': 1, 'strategy': 'range_medianvol', 'leg': 'put_sell', 'price_est': 364.0}, {'action': 'BUY', 'contract': 'HSI17500V4', 'quantity': 1, 'strategy': 'range_medianvol', 'leg': 'put_buy', 'price_est': 416.0}, {'action': 'SELL', 'contract': 'HSI17500J4', 'quantity': 1, 'strategy': 'range_medianvol', 'leg': 'call_sell', 'price_est': 404.0}, {'action': 'BUY', 'contract': 'HSI17400J4', 'quantity': 1, 'strategy': 'range_medianvol', 'leg': 'call_buy', 'price_est': 455.0}, {'meta': {'date': Timestamp('2024-09-16 00:00:00'), 'scenario': 'range_medianvol', 'strategy_type': 'iron_condor', 'underlying_price': 17422.119140625, 'expiry': Timestamp('2024-10-30 00:00:00'), 'put_sell_strike': 17400.0, 'put_buy_strike': 17500.0, 'call_sell_strike': 17500.0, 'call_buy_strike': 17400.0, 'quantity': 1, 'put_max_loss': 152.0, 'call_max_loss': 151.0}}]",18400.0,0.0184,1.506610696091399,0.0010348912986396207,1455.8154059966107,-0.00019634792852940564,0.0,32,2024-09-09,2024-09-15,scenario_reversal_p_range_ge_0.33,
2024-09-22,2024-09-23,2024-09-27,"{'bull': 0.5, 'bear': 0.3, 'range': 0.2}","{'low_vol': 0.2, 'medium_vol': 0.5, 'high_vol': 0.3}",bull_medianvol,call_debit_spread,"[{'action': 'BUY', 'contract': 'HSI17600J4', 'quantity': 5, 'strategy': 'bull_medianvol', 'leg': 'buy_leg', 'price_est': 884.0}, {'action': 'SELL', 'contract': 'HSI17700J4', 'quantity': 5, 'strategy': 'bull_medianvol', 'leg': 'sell_leg', 'price_est': 784.0}, {'meta': {'date': Timestamp('2024-09-23 00:00:00'), 'scenario': 'bull_medianvol', 'strategy_type': 'call_debit_spread', 'underlying_price': 18247.109375, 'expiry': Timestamp('2024-10-30 00:00:00'), 'buy_strike': 17600.0, 'sell_strike': 17700.0, 'quantity': 5, 'max_loss_per_spread': 100.0}}]",8400.0,0.0084,0.5243861174994668,0.0709929573971954,7.386452638754037,-0.00981932443047917,0.0,34,2024-09-16,2024-09-22,scenario_reversal_p_bull_ge_0.33,STOP_LOSS
2024-09-29,2024-09-30,2024-10-04,"{'bull': 0.6, 'bear': 0.1, 'range': 0.3}","{'low_vol': 0.1, 'medium_vol': 0.4, 'high_vol': 0.5}",bull_highvol,put_credit_spread,"[{'action': 'SELL', 'contract': 'HSI16800V4', 'quantity': 4, 'strategy': 'bull_highvol', 'leg': 'sell_leg', 'price_est': 1.0}, {'action': 'BUY', 'contract': 'HSI16900V4', 'quantity': 4, 'strategy': 'bull_highvol', 'leg': 'buy_leg', 'price_est': 2.0}, {'meta': {'date': Timestamp('2024-09-30 00:00:00'), 'scenario': 'bull_highvol', 'strategy_type': 'put_credit_spread', 'underlying_price': 21133.6796875, 'expiry': Timestamp('2024-10-30 00:00:00'), 'buy_strike': 16900.0, 'sell_strike': 16800.0, 'quantity': 4, 'max_loss_per_spread': 101.0}}]",8200.0,0.0082,0.5092227125415765,0.001419859147943908,358.64311842409137,-0.00019833399444668665,0.0,35,2024-09-23,2024-09-29,scenario_reversal_p_bull_ge_0.33,
2024-10-06,2024-10-07,2024-10-11,"{'bull': 0.7000000000000001, 'bear': 0.20000000000000004, 'range': 0.10000000000000002}","{'low_vol': 0.1, 'medium_vol': 0.3, 'high_vol': 0.6}",bull_highvol,put_credit_spread,"[{'action': 'SELL', 'contract': 'HSI16800V4', 'quantity': 4, 'strategy': 'bull_highvol', 'leg': 'sell_leg', 'price_est': 1.0}, {'action': 'BUY', 'contract': 'HSI16900V4', 'quantity': 4, 'strategy': 'bull_highvol', 'leg': 'buy_leg', 'price_est': 2.0}, {'meta': {'date': Timestamp('2024-09-30 00:00:00'), 'scenario': 'bull_highvol', 'strategy_type': 'put_credit_spread', 'underlying_price': 21133.6796875, 'expiry': Timestamp('2024-10-30 00:00:00'), 'buy_strike': 16900.0, 'sell_strike': 16800.0, 'quantity': 4, 'max_loss_per_spread': 101.0}}]",8400.0,0.0084,0.5243861174994668,0.007239889501919212,72.43012719468413,-0.0005946481665014547,0.2,35,2024-09-30,2024-10-06,,
2024-10-13,2024-10-14,2024-10-18,"{'bull': 0.25, 'bear': 0.35, 'range': 0.4}","{'low_vol': 0.1, 'medium_vol': 0.4, 'high_vol': 0.5}",range_highvol,iron_condor,"[{'action': 'SELL', 'contract': 'HSI21000W4', 'quantity': 1, 'strategy': 'range_highvol', 'leg': 'put_sell', 'price_est': 851.0}, {'action': 'BUY', 'contract': 'HSI21200W4', 'quantity': 1, 'strategy': 'range_highvol', 'leg': 'put_buy', 'price_est': 964.0}, {'action': 'SELL', 'contract': 'HSI20800K4', 'quantity': 1, 'strategy': 'range_highvol', 'leg': 'call_sell', 'price_est': 1092.0}, {'action': 'BUY', 'contract': 'HSI20600K4', 'quantity': 1, 'strategy': 'range_highvol', 'leg': 'call_buy', 'price_est': 1205.0}, {'meta': {'date': Timestamp('2024-10-14 00:00:00'), 'scenario': 'range_highvol', 'strategy_type': 'iron_condor', 'underlying_price': 21092.869140625, 'expiry': Timestamp('2024-11-28 00:00:00'), 'put_sell_strike': 21000.0, 'put_buy_strike': 21200.0, 'call_sell_strike': 20800.0, 'call_buy_strike': 20600.0, 'quantity': 1, 'put_max_loss': 313.0, 'call_max_loss': 313.0}}]",8450.0,0.00845,0.5282002403247481,0.016134311265126877,32.737699902097084,-0.00158667195557316,0.4,35,2024-10-07,2024-10-13,scenario_reversal_p_range_ge_0.33,
2024-10-20,2024-10-21,2024-10-25,"{'bull': 0.3, 'bear': 0.4, 'range': 0.3}","{'low_vol': 0.2, 'medium_vol': 0.5, 'high_vol': 0.3}",bear_medianvol,put_debit_spread,"[{'action': 'BUY', 'contract': 'HSI16100W4', 'quantity': 80, 'strategy': 'bear_medianvol', 'leg': 'buy_leg', 'price_est': 2.0}, {'action': 'SELL', 'contract': 'HSI16000W4', 'quantity': 80, 'strategy': 'bear_medianvol', 'leg': 'sell_leg', 'price_est': 1.0}, {'meta': {'date': Timestamp('2024-10-21 00:00:00'), 'scenario': 'bear_medianvol', 'strategy_type': 'put_debit_spread', 'underlying_price': 20478.4609375, 'expiry': Timestamp('2024-11-28 00:00:00'), 'buy_strike': 16100.0, 'sell_strike': 16000.0, 'quantity': 80, 'max_loss_per_spread': 2.0}}]",4450.0,0.00445,0.2507988816726372,0.02839718295887816,8.831822580282628,-0.003966483216817918,0.0,35,2024-10-14,2024-10-20,scenario_reversal_p_bear_ge_0.33,STOP_LOSS
2024-10-27,2024-10-28,2024-11-01,"{'bull': 0.3, 'bear': 0.4, 'range': 0.3}","{'low_vol': 0.2, 'medium_vol': 0.5, 'high_vol': 0.3}",bear_medianvol,put_debit_spread,"[{'action': 'BUY', 'contract': 'HSI16100W4', 'quantity': 80, 'strategy': 'bear_medianvol', 'leg': 'buy_leg', 'price_est': 2.0}, {'action': 'SELL', 'contract': 'HSI16000W4', 'quantity': 80, 'strategy': 'bear_medianvol', 'leg': 'sell_leg', 'price_est': 1.0}, {'meta': {'date': Timestamp('2024-10-21 00:00:00'), 'scenario': 'bear_medianvol', 'strategy_type': 'put_debit_spread', 'underlying_price': 20478.4609375, 'expiry': Timestamp('2024-11-28 00:00:00'), 'buy_strike': 16100.0, 'sell_strike': 16000.0, 'quantity': 80, 'max_loss_per_spread': 2.0}}]",4450.0,0.00445,0.2507988816726372,0.0448998886412873,5.585735048839682,-0.003966483216817918,0.2,32,2024-10-21,2024-10-27,,STOP_LOSS
2024-11-03,2024-11-04,2024-11-08,"{'bull': 0.3, 'bear': 0.2, 'range': 0.5}","{'low_vol': 0.2, 'medium_vol': 0.5, 'high_vol': 0.3}",range_medianvol,iron_condor,"[{'action': 'SELL', 'contract': 'HSI20200W4', 'quantity': 1, 'strategy': 'range_medianvol', 'leg': 'put_sell', 'price_est': 488.0}, {'action': 'BUY', 'contract': 'HSI20400W4', 'quantity': 1, 'strategy': 'range_medianvol', 'leg': 'put_buy', 'price_est': 583.0}, {'action': 'SELL', 'contract': 'HSI19700K4', 'quantity': 1, 'strategy': 'range_medianvol', 'leg': 'call_sell', 'price_est': 1173.0}, {'action': 'BUY', 'contract': 'HSI19600K4', 'quantity': 1, 'strategy': 'range_medianvol', 'leg': 'call_buy', 'price_est': 1274.0}, {'meta': {'date': Timestamp('2024-11-04 00:00:00'), 'scenario': 'range_medianvol', 'strategy_type': 'iron_condor', 'underlying_price': 20567.51953125, 'expiry': Timestamp('2024-11-28 00:00:00'), 'put_sell_strike': 20200.0, 'put_buy_strike': 20400.0, 'call_sell_strike': 19700.0, 'call_buy_strike': 19600.0, 'quantity': 1, 'put_max_loss': 295.0, 'call_max_loss': 201.0}}]",3250.0,0.00325,0.1776658665619817,0.022466775469568392,7.907937959438503,-0.0021902533724924567,0.4,32,2024-10-28,2024-11-03,scenario_reversal_p_range_ge_0.33,
2024-11-10,2024-11-11,2024-11-15,"{'bull': 0.3, 'bear': 0.4, 'range': 0.3}","{'low_vol': 0.1, 'medium_vol': 0.3, 'high_vol': 0.6}",bear_highvol,call_credit_spread,"[{'action': 'SELL', 'contract': 'HSI19600L4', 'quantity': 2, 'strategy': 'bear_highvol', 'leg': 'sell_leg', 'price_est': 1221.0}, {'action': 'BUY', 'contract': 'HSI19500L4', 'quantity': 2, 'strategy': 'bear_highvol', 'leg': 'buy_leg', 'price_est': 1306.0}, {'meta': {'date': Timestamp('2024-11-11 00:00:00'), 'scenario': 'bear_highvol', 'strategy_type': 'call_credit_spread', 'underlying_price': 20426.9296875, 'expiry': Timestamp('2024-12-30 00:00:00'), 'buy_strike': 19500.0, 'sell_strike': 19600.0, 'quantity': 2, 'max_loss_per_spread': 185.0}}]",-750.0,-0.00075,-0.0371081531821813,0.03635574232497529,-1.020695791341032,-0.004780638414421556,0.2,27,2024-11-04,2024-11-10,scenario_reversal_p_bear_ge_0.33,
2024-11-17,2024-11-18,2024-11-22,"{'bull': 0.2, 'bear': 0.5, 'range': 0.3}","{'low_vol': 0.2, 'medium_vol': 0.6, 'high_vol': 0.2}",bear_medianvol,put_debit_spread,"[{'action': 'BUY', 'contract': 'HSI19500X4', 'quantity': 10, 'strategy': 'bear_medianvol', 'leg': 'buy_leg', 'price_est': 536.0}, {'action': 'SELL', 'contract': 'HSI19400X4', 'quantity': 10, 'strategy': 'bear_medianvol', 'leg': 'sell_leg', 'price_est': 489.0}, {'meta': {'date': Timestamp('2024-11-18 00:00:00'), 'scenario': 'bear_medianvol', 'strategy_type': 'put_debit_spread', 'underlying_price': 19576.609375, 'expiry': Timestamp('2024-12-30 00:00:00'), 'buy_strike': 19500.0, 'sell_strike': 19400.0, 'quantity': 10, 'max_loss_per_spread': 47.0}}]",5250.0,0.00525,0.302008206133497,0.0491212784849906,6.148215507578412,-0.002501876407305481,0.4,35,2024-11-11,2024-11-17,scenario_reversal_p_bear_ge_0.33,
2024-11-24,2024-11-25,2024-11-29,"{'bull': 0.2, 'bear': 0.3, 'range': 0.5}","{'low_vol': 0.1, 'medium_vol': 0.6, 'high_vol': 0.3}",range_medianvol,iron_condor,"[{'action': 'SELL', 'contract': 'HSI19000X4', 'quantity': 1, 'strategy': 'range_medianvol', 'leg': 'put_sell', 'price_est': 382.0}, {'action': 'BUY', 'contract': 'HSI19100X4', 'quantity': 1, 'strategy': 'range_medianvol', 'leg': 'put_buy', 'price_est': 433.0}, {'action': 'SELL', 'contract': 'HSI18900L4', 'quantity': 1, 'strategy': 'range_medianvol', 'leg': 'call_sell', 'price_est': 628.0}, {'action': 'BUY', 'contract': 'HSI18800L4', 'quantity': 1, 'strategy': 'range_medianvol', 'leg': 'call_buy', 'price_est': 692.0}, {'meta': {'date': Timestamp('2024-11-25 00:00:00'), 'scenario': 'range_medianvol', 'strategy_type': 'iron_condor', 'underlying_price': 19150.990234375, 'expiry': Timestamp('2024-12-30 00:00:00'), 'put_sell_strike': 19000.0, 'put_buy_strike': 19100.0, 'call_sell_strike': 18900.0, 'call_buy_strike': 18800.0, 'quantity': 1, 'put_max_loss': 151.0, 'call_max_loss': 164.0}}]",4850.0,0.00485,0.2761517991125102,0.00320452804637438,86.1754976446375,-0.000547127580203921,0.4,35,2024-11-18,2024-11-24,scenario_reversal_p_range_ge_0.33,
2024-12-01,2024-12-02,2024-12-06,"{'bull': 0.3, 'bear': 0.3, 'range': 0.4}","{'low_vol': 0.1, 'medium_vol': 0.5, 'high_vol': 0.4}",range_medianvol,iron_condor,"[{'action': 'SELL', 'contract': 'HSI19000X4', 'quantity': 1, 'strategy': 'range_medianvol', 'leg': 'put_sell', 'price_est': 382.0}, {'action': 'BUY', 'contract': 'HSI19100X4', 'quantity': 1, 'strategy': 'range_medianvol', 'leg': 'put_buy', 'price_est': 433.0}, {'action': 'SELL', 'contract': 'HSI18900L4', 'quantity': 1, 'strategy': 'range_medianvol', 'leg': 'call_sell', 'price_est': 628.0}, {'action': 'BUY', 'contract': 'HSI18800L4', 'quantity': 1, 'strategy': 'range_medianvol', 'leg': 'call_buy', 'price_est': 692.0}, {'meta': {'date': Timestamp('2024-11-25 00:00:00'), 'scenario': 'range_medianvol', 'strategy_type': 'iron_condor', 'underlying_price': 19150.990234375, 'expiry': Timestamp('2024-12-30 00:00:00'), 'put_sell_strike': 19000.0, 'put_buy_strike': 19100.0, 'call_sell_strike': 18900.0, 'call_buy_strike': 18800.0, 'quantity': 1, 'put_max_loss': 151.0, 'call_max_loss': 164.0}}]",4800.0,0.0048,0.27295534866250426,0.010309267675252205,26.47669623689606,-0.0011938516639307117,0.4,35,2024-11-25,2024-12-01,,
2024-12-08,2024-12-09,2024-12-13,"{'bull': 0.35, 'bear': 0.25, 'range': 0.4}","{'low_vol': 0.2, 'medium_vol': 0.6, 'high_vol': 0.2}",range_medianvol,iron_condor,"[{'action': 'SELL', 'contract': 'HSI19000X4', 'quantity': 1, 'strategy': 'range_medianvol', 'leg': 'put_sell', 'price_est': 382.0}, {'action': 'BUY', 'contract': 'HSI19100X4', 'quantity': 1, 'strategy': 'range_medianvol', 'leg': 'put_buy', 'price_est': 433.0}, {'action': 'SELL', 'contract': 'HSI18900L4', 'quantity': 1, 'strategy': 'range_medianvol', 'leg': 'call_sell', 'price_est': 628.0}, {'action': 'BUY', 'contract': 'HSI18800L4', 'quantity': 1, 'strategy': 'range_medianvol', 'leg': 'call_buy', 'price_est': 692.0}, {'meta': {'date': Timestamp('2024-11-25 00:00:00'), 'scenario': 'range_medianvol', 'strategy_type': 'iron_condor', 'underlying_price': 19150.990234375, 'expiry': Timestamp('2024-12-30 00:00:00'), 'put_sell_strike': 19000.0, 'put_buy_strike': 19100.0, 'call_sell_strike': 18900.0, 'call_buy_strike': 18800.0, 'quantity': 1, 'put_max_loss': 151.0, 'call_max_loss': 164.0}}]",4700.0,0.0047,0.2665859724837327,0.0018272930799409272,145.8911957858183,-0.00019903468179327533,0.4,30,2024-12-02,2024-12-08,,
2024-12-15,2024-12-16,2024-12-20,"{'bull': 0.3, 'bear': 0.4, 'range': 0.3}","{'low_vol': 0.2, 'medium_vol': 0.5, 'high_vol': 0.3}",bear_medianvol,put_debit_spread,"[{'action': 'BUY', 'contract': 'HSI16600M5', 'quantity': 80, 'strategy': 'bear_medianvol', 'leg': 'buy_leg', 'price_est': 2.0}, {'action': 'SELL', 'contract': 'HSI16500M5', 'quantity': 80, 'strategy': 'bear_medianvol', 'leg': 'sell_leg', 'price_est': 1.0}, {'meta': {'date': Timestamp('2024-12-16 00:00:00'), 'scenario': 'bear_medianvol', 'strategy_type': 'put_debit_spread', 'underlying_price': 19795.490234375, 'expiry': Timestamp('2025-01-27 00:00:00'), 'buy_strike': 16600.0, 'sell_strike': 16500.0, 'quantity': 80, 'max_loss_per_spread': 2.0}}]",700.0,0.0007,0.035896937550000674,0.028397182958878164,1.2641020625877881,-0.003981287946650758,0.0,35,2024-12-09,2024-12-15,scenario_reversal_p_bear_ge_0.33,STOP_LOSS
2024-12-22,2024-12-23,2024-12-27,"{'bull': 0.3, 'bear': 0.5, 'range': 0.2}","{'low_vol': 0.1, 'medium_vol': 0.5, 'high_vol': 0.4}",bear_medianvol,put_debit_spread,"[{'action': 'BUY', 'contract': 'HSI16600M5', 'quantity': 80, 'strategy': 'bear_medianvol', 'leg': 'buy_leg', 'price_est': 2.0}, {'action': 'SELL', 'contract': 'HSI16500M5', 'quantity': 80, 'strategy': 'bear_medianvol', 'leg': 'sell_leg', 'price_est': 1.0}, {'meta': {'date': Timestamp('2024-12-16 00:00:00'), 'scenario': 'bear_medianvol', 'strategy_type': 'put_debit_spread', 'underlying_price': 19795.490234375, 'expiry': Timestamp('2025-01-27 00:00:00'), 'buy_strike': 16600.0, 'sell_strike': 16500.0, 'quantity': 80, 'max_loss_per_spread': 2.0}}]",700.0,0.0007,0.035896937550000674,0.0,,0.0,0.0,32,2024-12-16,2024-12-22,,STOP_LOSS
2024-12-29,2024-12-30,2024-12-31,"{'bull': 0.3, 'bear': 0.3, 'range': 0.4}","{'low_vol': 0.1, 'medium_vol': 0.3, 'high_vol': 0.6}",range_highvol,iron_condor,"[{'action': 'SELL', 'contract': 'HSI17400M5', 'quantity': 1, 'strategy': 'range_highvol', 'leg': 'put_sell', 'price_est': 1.0}, {'action': 'BUY', 'contract': 'HSI17500M5', 'quantity': 1, 'strategy': 'range_highvol', 'leg': 'put_buy', 'price_est': 2.0}, {'action': 'SELL', 'contract': 'HSI17600A5', 'quantity': 1, 'strategy': 'range_highvol', 'leg': 'call_sell', 'price_est': 2419.0}, {'action': 'BUY', 'contract': 'HSI17500A5', 'quantity': 1, 'strategy': 'range_highvol', 'leg': 'call_buy', 'price_est': 2519.0}, {'meta': {'date': Timestamp('2024-12-30 00:00:00'), 'scenario': 'range_highvol', 'strategy_type': 'iron_condor', 'underlying_price': 20041.419921875, 'expiry': Timestamp('2025-01-27 00:00:00'), 'put_sell_strike': 17400.0, 'put_buy_strike': 17500.0, 'call_sell_strike': 17600.0, 'call_buy_strike': 17500.0, 'quantity': 1, 'put_max_loss': 101.0, 'call_max_loss': 200.0}}]",700.0,0.0007,0.09217284132386871,0.0,,0.0,0.0,35,2024-12-23,2024-12-29,scenario_reversal_p_range_ge_0.33,
